orgaoCodigo,orgaoNome,unidadeCodigo,unidadeNome,funcaoCodigo,funcaoNome,subfuncaoCodigo,subfuncaoNome,programaCodigo,programaNome,acaoCodigo,acaoNome,acaoTipo,orgaoExecutor,metaFisica,custoEstimado,funcaoOrigem,ambiguo
01,CÂMARA MUNICIPAL,1,CORPO LEGISLATIVO,01,Legislativa,031,Ação Legislativa,7005,"GESTÃO, DESENVOLVIMENTO E MODERNIZAÇÃO DAS ATIVIDADES LEGISLATIVAS",1558,"OBRAS DE REFORMAS, MODERNIZAÇÃO E ADEQUAÇÕES DA SEDE",PROJETO,1.01,,200000.0,ppa-programa,False
01,CÂMARA MUNICIPAL,1,CORPO LEGISLATIVO,01,Legislativa,031,Ação Legislativa,7005,"GESTÃO, DESENVOLVIMENTO E MODERNIZAÇÃO DAS ATIVIDADES LEGISLATIVAS",2512,FUNCIONAMENTO DO PROCESSO LEGISLATIVO,ATIVIDADE,1.01,,2040000.0,ppa-programa,False
01,CÂMARA MUNICIPAL,1,CORPO LEGISLATIVO,01,Legislativa,031,Ação Legislativa,7005,"GESTÃO, DESENVOLVIMENTO E MODERNIZAÇÃO DAS ATIVIDADES LEGISLATIVAS",2574,GESTÃO E DESENVOLVIMENTO DAS ATIVIDADES ADMINISTRATiVAS,ATIVIDADE,1.01,,14020000.0,ppa-acao,False
02,GABINETE DO PREFEITO,1,ADMINISTRAÇÃO SUPERIOR,04,Administração,122,Administração Geral,7010,"GESTÃO ESTRATÉGICA, GOVERNANÇA MUNICIPAL E FORTALECIMENTO INSTITUCIONAL",2082,DESENVOLVIMENTO DE RECURSOS HUMANOS,ATIVIDADE,2.01,8,6161751.0,ppa-acao,False
02,GABINETE DO PREFEITO,1,ADMINISTRAÇÃO SUPERIOR,04,Administração,122,Administração Geral,7010,"GESTÃO ESTRATÉGICA, GOVERNANÇA MUNICIPAL E FORTALECIMENTO INSTITUCIONAL",2844,ATIVIDADES DO GABINETE DO PREFEITO,ATIVIDADE,2.01,12,313228.0,ppa-acao,False
02,GABINETE DO PREFEITO,1,ADMINISTRAÇÃO SUPERIOR,04,Administração,122,Administração Geral,7010,"GESTÃO ESTRATÉGICA, GOVERNANÇA MUNICIPAL E FORTALECIMENTO INSTITUCIONAL",2891,MANUTENÇÃO DO SISTEMA DE CONTROLE INTERNO,ATIVIDADE,2.01,1,70270.0,ppa-acao,False
02,GABINETE DO PREFEITO,1,ADMINISTRAÇÃO SUPERIOR,05,Defesa Nacional,182,Defesa Civil,8003,APOIO A PROGRAMAS ESTADUAIS E FEDERAIS,2268,COLABORACÃO PARA O CUSTEIO DO CORPO DE BOMBEIROS,ATIVIDADE,2.01,,772000.0,ppa-acao,False
02,GABINETE DO PREFEITO,1,ADMINISTRAÇÃO SUPERIOR,06,Segurança Pública,181,Policiamento,8003,APOIO A PROGRAMAS ESTADUAIS E FEDERAIS,2270,COLABORACAO PARA O CUSTEIO DE SEGURANCA ESTADUAL,ATIVIDADE,2.01,,6948.0,ppa-acao,False
02,GABINETE DO PREFEITO,1,ADMINISTRAÇÃO SUPERIOR,11,Trabalho,334,Fomento Ao Trabalho,8003,APOIO A PROGRAMAS ESTADUAIS E FEDERAIS,2476,MANUTENCAO PAT,ATIVIDADE,2.01,,50035.0,ppa-acao,False
02,GABINETE DO PREFEITO,1,ADMINISTRAÇÃO SUPERIOR,02,Judiciária,061,Ação Judiciária,8003,APOIO A PROGRAMAS ESTADUAIS E FEDERAIS,2845,COLABORAÇÃO PODER JUDICIARIO E FAZENDA ESTADUAL,ATIVIDADE,2.01,,339500.0,manual,False
02,GABINETE DO PREFEITO,1,ADMINISTRAÇÃO SUPERIOR,14,Direitos da Cidadania,422,"Direitos Individuais, Coletivos E Difusos",8003,APOIO A PROGRAMAS ESTADUAIS E FEDERAIS,2846,COLABORAÇÃO PROCON E POUPATEMPO,ATIVIDADE,2.01,,81000.0,ppa-acao,False
02,GABINETE DO PREFEITO,1,ADMINISTRAÇÃO SUPERIOR,05,Defesa Nacional,153,Defesa Terrestre,8003,APOIO A PROGRAMAS ESTADUAIS E FEDERAIS,2876,CONTRIBUIÇÃO TIRO GUERRA E JUNTA MILITAR,ATIVIDADE,2.01,,110311.0,ppa-acao,False
03,SECRETARIA DE ADMINISTRACAO,1,GABINETE DO SECRETARIO E DEPENDENCIAS,04,Administração,122,Administração Geral,7002,GESTÃO DE PESSOAS E SUPRIMENTOS/LICITAÇÃO,1557,OBRAS/REFORMAVELEVADOR/AVCB PREDIO,PROJETO,3.01,,325280.0,ppa-acao,False
03,SECRETARIA DE ADMINISTRACAO,1,GABINETE DO SECRETARIO E DEPENDENCIAS,04,Administração,122,Administração Geral,7002,GESTÃO DE PESSOAS E SUPRIMENTOS/LICITAÇÃO,2082,DESENVOLVIMENTO DE RECURSOS HUMANOS,ATIVIDADE,3.01,,3293094.0,ppa-programa,False
03,SECRETARIA DE ADMINISTRACAO,1,GABINETE DO SECRETARIO E DEPENDENCIAS,04,Administração,122,Administração Geral,7002,GESTÃO DE PESSOAS E SUPRIMENTOS/LICITAÇÃO,2879,MANUTENÇÃO DA SECRETARIA,ATIVIDADE,3.01,,3991489.0,ppa-acao,False
04,SECRETARIA MUNICIPAL DE COMUNICACAO,1,GABINETE DO SECRETARIO E DEPENDENCIAS,24,Comunicações,131,Comunicação Social,7004,COMUNICACAO E PUBLICIDADE,2082,DESENVOLVIMENTO DE RECURSOS HUMANOS,ATIVIDADE,4.01,,702109.0,ppa-acao,False
04,SECRETARIA MUNICIPAL DE COMUNICACAO,1,GABINETE DO SECRETARIO E DEPENDENCIAS,24,Comunicações,131,Comunicação Social,7004,COMUNICACAO E PUBLICIDADE,2250,MANUTENCAO DOS SERVICOS ADMINISTRATIVOS,ATIVIDADE,4.01,,125000.0,ppa-acao,False
04,SECRETARIA MUNICIPAL DE COMUNICACAO,1,GABINETE DO SECRETARIO E DEPENDENCIAS,24,Comunicações,131,Comunicação Social,7004,COMUNICACAO E PUBLICIDADE,2251,PUBLICACAO ATOS OFICIAIS,ATIVIDADE,4.01,,9000.0,ppa-acao,False
04,SECRETARIA MUNICIPAL DE COMUNICACAO,1,GABINETE DO SECRETARIO E DEPENDENCIAS,24,Comunicações,131,Comunicação Social,7004,COMUNICACAO E PUBLICIDADE,2635,COMUNICACAO INSTITUCIONAL,ATIVIDADE,4.01,,1400000.0,ppa-acao,False
04,SECRETARIA MUNICIPAL DE COMUNICACAO,1,GABINETE DO SECRETARIO E DEPENDENCIAS,24,Comunicações,131,Comunicação Social,7004,COMUNICACAO E PUBLICIDADE,2672,CERIMONIAL E EVENTOS,ATIVIDADE,4.01,,2115000.0,ppa-acao,False
05,SECRETARIA DE FINANCAS,1,GABINETE DO SECRETARIO E DEPENDENCIAS,04,Administração,123,Administração Financeira,7001,"FINANÇAS, ARRECADAÇÃO, CADASTRO E AUDITORIA.",2082,DESENVOLVIMENTO DE RECURSOS HUMANOS,ATIVIDADE,5.01,28,3259000.0,ppa-acao,False
05,SECRETARIA DE FINANCAS,1,GABINETE DO SECRETARIO E DEPENDENCIAS,04,Administração,123,Administração Financeira,7001,"FINANÇAS, ARRECADAÇÃO, CADASTRO E AUDITORIA.",2837,ATIVIDADES DA SECRETARIA DE FINANÇAS,ATIVIDADE,5.01,65,1885000.0,ppa-acao,False
06,SECRETARIA MUNICIPAL DE ASSUNTOS JURIDICOS,1,GABINETE DO PROCURADOR,03,Essencial à Justiça,091,,7003,PROCURADORIA JURÍDICA DO MUNICIPIO,2082,DESENVOLVIMENTO DE RECURSOS HUMANOS,ATIVIDADE,6.01,,4028203.0,ppa-programa,False
06,SECRETARIA MUNICIPAL DE ASSUNTOS JURIDICOS,1,GABINETE DO PROCURADOR,03,Essencial à Justiça,091,,7003,PROCURADORIA JURÍDICA DO MUNICIPIO,2877,ATIVIDADES DE ASSUNTOS JURÍDICOS,ATIVIDADE,6.01,,395252.0,ppa-acao,False
07,SECRETARIA MUNICIPAL DE PLANEJAMENTO DESENVOLVIMENTO URBANO,1,GABINETE DO SECRETARIO E DEPENDENCIAS,15,Urbanismo,127,Ordenamento Territorial,7009,GESTÃO URBANA INTELIGENTE E INOVADORA,2082,DESENVOLVIMENTO DE RECURSOS HUMANOS,ATIVIDADE,7.01,21,1526776.0,ppa-acao,False
07,SECRETARIA MUNICIPAL DE PLANEJAMENTO DESENVOLVIMENTO URBANO,1,GABINETE DO SECRETARIO E DEPENDENCIAS,15,Urbanismo,127,Ordenamento Territorial,7009,GESTÃO URBANA INTELIGENTE E INOVADORA,2881,GESTÃO INTELIGENTE DO DESENVOLVIMENTO URBANO,ATIVIDADE,7.01,55,964000.0,ppa-acao,False
07,SECRETARIA MUNICIPAL DE PLANEJAMENTO DESENVOLVIMENTO URBANO,1,GABINETE DO SECRETARIO E DEPENDENCIAS,15,Urbanismo,127,Ordenamento Territorial,7009,GESTÃO URBANA INTELIGENTE E INOVADORA,2882,SERVIÇOS DE ARQUITETURA E ENGENHARIA DE PLANEJAMENTO URBANO,ATIVIDADE,7.01,80,1200000.0,ppa-acao,False
07,SECRETARIA MUNICIPAL DE PLANEJAMENTO DESENVOLVIMENTO URBANO,1,GABINETE DO SECRETARIO E DEPENDENCIAS,15,Urbanismo,127,Ordenamento Territorial,7009,GESTÃO URBANA INTELIGENTE E INOVADORA,2883,INVESTIMENTOS E EQUIPAMENTOS,ATIVIDADE,7.01,80,19000.0,ppa-acao,False
08,SECRETARIA DE OBRAS E MOBILIDADE,1,DEPARTAMENTO DE OBRAS,15,Urbanismo,451,Infra-Estrutura Urbana,5003,OBRAS DE INFRA-ESTRUTURA URBANA,1552,OBRAS DE INFRA ESTRUTURA URBANA,PROJETO,8.01,,875000.0,ppa-acao,False
08,SECRETARIA DE OBRAS E MOBILIDADE,1,DEPARTAMENTO DE OBRAS,15,Urbanismo,451,Infra-Estrutura Urbana,5003,OBRAS DE INFRA-ESTRUTURA URBANA,1553,"CONSTRUÇÃO, AMPLIAÇÃO E REFORMAS DE PREDIO E ESPAÇOS",PROJETO,8.01,,100000.0,ppa-acao,False
08,SECRETARIA DE OBRAS E MOBILIDADE,1,DEPARTAMENTO DE OBRAS,15,Urbanismo,451,Infra-Estrutura Urbana,5003,OBRAS DE INFRA-ESTRUTURA URBANA,2082,DESENVOLVIMENTO DE RECURSOS HUMANOS,ATIVIDADE,8.01,,3259000.0,ppa-acao,False
08,SECRETARIA DE OBRAS E MOBILIDADE,1,DEPARTAMENTO DE OBRAS,15,Urbanismo,451,Infra-Estrutura Urbana,5003,OBRAS DE INFRA-ESTRUTURA URBANA,2547,MANUTENCAO DE VIAS PUBLICAS,ATIVIDADE,8.01,,4436040.0,ppa-acao,False
08,SECRETARIA DE OBRAS E MOBILIDADE,1,DEPARTAMENTO DE OBRAS,15,Urbanismo,451,Infra-Estrutura Urbana,5003,OBRAS DE INFRA-ESTRUTURA URBANA,2848,TRANSPORTE COLETIVO URBANO,ATIVIDADE,8.01,,8000000.0,ppa-acao,False
08,SECRETARIA DE OBRAS E MOBILIDADE,1,DEPARTAMENTO DE OBRAS,15,Urbanismo,451,Infra-Estrutura Urbana,5003,OBRAS DE INFRA-ESTRUTURA URBANA,2849,ATIVIDADES DA SECRETARIA OBRAS E MOBILIDADE,ATIVIDADE,8.01,,6454000.0,ppa-acao,False
08,SECRETARIA DE OBRAS E MOBILIDADE,1,DEPARTAMENTO DE OBRAS,15,Urbanismo,451,Infra-Estrutura Urbana,5011,CIDADE ILUMINADA,1035,INSTALACÃO DE ILUMINACAO PUBLICA,PROJETO,8.01,,2551635.0,ppa-acao,False
08,SECRETARIA DE OBRAS E MOBILIDADE,1,DEPARTAMENTO DE OBRAS,15,Urbanismo,451,Infra-Estrutura Urbana,5011,CIDADE ILUMINADA,2170,MANUTENCAO DA ILUMINACAO PUBLICA,ATIVIDADE,8.01,,13438000.0,ppa-acao,False
09,SECRETARIA DE SERVICOS MUNICIPAIS,1,"DIVISÃO DE LIMPEZA PÚBLICA,FISCALIZAÇÃO E FROTA",15,Urbanismo,452,Serviços Urbanos,5001,LIXO TEM LUGAR CERTO,2082,DESENVOLVIMENTO DE RECURSOS HUMANOS,ATIVIDADE,9.01,175,9025000.0,ppa-acao,False
09,SECRETARIA DE SERVICOS MUNICIPAIS,1,"DIVISÃO DE LIMPEZA PÚBLICA,FISCALIZAÇÃO E FROTA",15,Urbanismo,452,Serviços Urbanos,5001,LIXO TEM LUGAR CERTO,2549,LIMPEZA PUBLICA,ATIVIDADE,9.01,318639.48,13386956.0,ppa-acao,False
09,SECRETARIA DE SERVICOS MUNICIPAIS,1,"DIVISÃO DE LIMPEZA PÚBLICA,FISCALIZAÇÃO E FROTA",15,Urbanismo,452,Serviços Urbanos,5001,LIXO TEM LUGAR CERTO,2851,ATIVIDADES DE SERVIÇOS MUNICIPAIS,ATIVIDADE,9.01,174436,563000.0,ppa-acao,False
09,SECRETARIA DE SERVICOS MUNICIPAIS,1,"DIVISÃO DE LIMPEZA PÚBLICA,FISCALIZAÇÃO E FROTA",15,Urbanismo,452,Serviços Urbanos,5012,GESTAO DE SERVICOS URBANOS,2897,MANUTENÇAO/CONSTRUÇÃO DE JAZIGOS NOS CEMTÉRIOS,ATIVIDADE,9.01,,1300000.0,ppa-acao,False
09,SECRETARIA DE SERVICOS MUNICIPAIS,1,"DIVISÃO DE LIMPEZA PÚBLICA,FISCALIZAÇÃO E FROTA",04,Administração,122,Administração Geral,5013,CONTROLE DE FROTA E OFICINA,2850,MANUTENÇÃO DA FROTA MUNICIPAL,ATIVIDADE,9.01,,7808997.0,ppa-acao,False
10,SECRETARIA AGRICULTURA ABASTECIMENTO MEIO AMBIENTE,1,"DEPTO AGRICULTURA, ABASTECIMENTO e MEIO AMBIENTE",18,Gestão Ambiental,122,Administração Geral,5002,CIDADE LIMPA,2082,DESENVOLVIMENTÖ DE RECURSO5 HUMANOS,ATIVIDADE,,20,2700000.0,ppa-acao,False
10,SECRETARIA AGRICULTURA ABASTECIMENTO MEIO AMBIENTE,1,"DEPTO AGRICULTURA, ABASTECIMENTO e MEIO AMBIENTE",18,Gestão Ambiental,452,Serviços Urbanos,5002,CIDADE LIMPA,2898,"LIMPEZA E MANUTENÇÃO DE VIAS, ÁREAS VERDES E CORPOS",ATIVIDADE,10.01,,10065000.0,ppa-acao,False
10,SECRETARIA AGRICULTURA ABASTECIMENTO MEIO AMBIENTE,1,"DEPTO AGRICULTURA, ABASTECIMENTO e MEIO AMBIENTE",18,Gestão Ambiental,512,Saneamento Básico Urbano,5002,CIDADE LIMPA,2899,MANEJO E TRATAMENTO DE RESiDUOS,ATIVIDADE,10.01,,9853000.0,ppa-acao,False
10,SECRETARIA AGRICULTURA ABASTECIMENTO MEIO AMBIENTE,1,"DEPTO AGRICULTURA, ABASTECIMENTO e MEIO AMBIENTE",20,Agricultura,122,Administração Geral,6001,AGRICULTURA E ABASTECIMENTO SUSTENTÁVEIS,2082,"""DESENVOLVIMENTO DE RECURSOS HUMANOS",ATIVIDADE,10.01,,1124659.0,ppa-acao,False
10,SECRETARIA AGRICULTURA ABASTECIMENTO MEIO AMBIENTE,1,"DEPTO AGRICULTURA, ABASTECIMENTO e MEIO AMBIENTE",20,Agricultura,606,Extensão Rural,6001,AGRICULTURA E ABASTECIMENTO SUSTENTÁVEIS,2195,ASSISTENCIA TECNICA E EXTENSAO RURAL,ATIVIDADE,10.01,,130000.0,ppa-acao,False
10,SECRETARIA AGRICULTURA ABASTECIMENTO MEIO AMBIENTE,1,"DEPTO AGRICULTURA, ABASTECIMENTO e MEIO AMBIENTE",20,Agricultura,122,Administração Geral,6001,AGRICULTURA E ABASTECIMENTO SUSTENTÁVEIS,2250,MANUTENCAO DOS SERVICOS ADMINISTRATIVOS,ATIVIDADE,10.01,,1066000.0,ppa-acao,False
10,SECRETARIA AGRICULTURA ABASTECIMENTO MEIO AMBIENTE,1,"DEPTO AGRICULTURA, ABASTECIMENTO e MEIO AMBIENTE",20,Agricultura,601,Promoção Da Produção Vegetal,6001,AGRICULTURA E ABASTECIMENTO SUSTENTÁVEIS,2900,CONSERVAÇÃO DE SOLO E RECURSOS HÍDRICOS,ATIVIDADE,10.01,,50000.0,ppa-acao,False
10,SECRETARIA AGRICULTURA ABASTECIMENTO MEIO AMBIENTE,1,"DEPTO AGRICULTURA, ABASTECIMENTO e MEIO AMBIENTE",20,Agricultura,541,Preservação E Conservação Ambiental,6001,AGRICULTURA E ABASTECIMENTO SUSTENTÁVEIS,2901,PRESERVAÇÃO AGROAMBIENTAL,ATIVIDADE,10.01,,110000.0,ppa-acao,False
10,SECRETARIA AGRICULTURA ABASTECIMENTO MEIO AMBIENTE,1,"DEPTO AGRICULTURA, ABASTECIMENTO e MEIO AMBIENTE",20,Agricultura,604,Defesa Sanitária Animal,6001,AGRICULTURA E ABASTECIMENTO SUSTENTÁVEIS,2902,SANIDADE AGROPECUÁRIA,ATIVIDADE,10.01,,100000.0,ppa-acao,False
10,SECRETARIA AGRICULTURA ABASTECIMENTO MEIO AMBIENTE,1,"DEPTO AGRICULTURA, ABASTECIMENTO e MEIO AMBIENTE",20,Agricultura,606,Extensão Rural,6001,AGRICULTURA E ABASTECIMENTO SUSTENTÁVEIS,2903,INFRAESTRUTURA E SANEAMENTO RURAL,ATIVIDADE,10.01,,1100000.0,ppa-acao,False
10,SECRETARIA AGRICULTURA ABASTECIMENTO MEIO AMBIENTE,1,"DEPTO AGRICULTURA, ABASTECIMENTO e MEIO AMBIENTE",20,Agricultura,605,Abastecimento,6001,AGRICULTURA E ABASTECIMENTO SUSTENTÁVEIS,2904,ABASTECIMENTO E ACESSO À PRODUÇÃO AGRICOLA,ATIVIDADE,10.01,,70000.0,ppa-acao,False
10,SECRETARIA AGRICULTURA ABASTECIMENTO MEIO AMBIENTE,1,"DEPTO AGRICULTURA, ABASTECIMENTO e MEIO AMBIENTE",18,Gestão Ambiental,122,Administração Geral,6006,GESTAO AMBIENTAL,2082,DESENVOLVIMENTO DE RECURSOS HUMANOS,ATIVIDADE,10.01,,1624433.0,ppa-acao,False
10,SECRETARIA AGRICULTURA ABASTECIMENTO MEIO AMBIENTE,1,"DEPTO AGRICULTURA, ABASTECIMENTO e MEIO AMBIENTE",18,Gestão Ambiental,512,Saneamento Básico Urbano,6006,GESTAO AMBIENTAL,2899,MANEJO E TRATAMENTO DE RESIDUOS,ATIVIDADE,10.02,,450000.0,ppa-acao,False
10,SECRETARIA AGRICULTURA ABASTECIMENTO MEIO AMBIENTE,1,"DEPTO AGRICULTURA, ABASTECIMENTO e MEIO AMBIENTE",18,Gestão Ambiental,544,Recursos Hídricos,6006,GESTAO AMBIENTAL,2905,RECUPERAÇÃO E REURBANIZAÇÃO DE CÓRREGOS E NASCENTES,ATIVIDADE,10.01,,380000.0,ppa-acao,False
10,SECRETARIA AGRICULTURA ABASTECIMENTO MEIO AMBIENTE,1,"DEPTO AGRICULTURA, ABASTECIMENTO e MEIO AMBIENTE",18,Gestão Ambiental,451,Infra-Estrutura Urbana,6006,GESTAO AMBIENTAL,2906,"CONSTRUÇÃO, REVITALIZAÇÃO E MANUTENÇÃO DE CENTROS DE",ATIVIDADE,10.01,,240000.0,ppa-acao,False
10,SECRETARIA AGRICULTURA ABASTECIMENTO MEIO AMBIENTE,1,"DEPTO AGRICULTURA, ABASTECIMENTO e MEIO AMBIENTE",18,Gestão Ambiental,543,Recuperação De Áreas Degradadas,6006,GESTAO AMBIENTAL,2907,PRESERVAÇÃO E CONSERVAÇÃO AMBIENTAL,ATIVIDADE,10.01,,295000.0,ppa-acao,False
10,SECRETARIA AGRICULTURA ABASTECIMENTO MEIO AMBIENTE,1,"DEPTO AGRICULTURA, ABASTECIMENTO e MEIO AMBIENTE",18,Gestão Ambiental,541,Preservação E Conservação Ambiental,6006,GESTAO AMBIENTAL,2908,EDUCAÇÃO AMBIENTAL,ATIVIDADE,10.01,,360000.0,ppa-acao,False
10,SECRETARIA AGRICULTURA ABASTECIMENTO MEIO AMBIENTE,1,"DEPTO AGRICULTURA, ABASTECIMENTO e MEIO AMBIENTE",18,Gestão Ambiental,542,Controle Ambiental,6006,GESTAO AMBIENTAL,2909,FISZALIZAÇÃO E CONTROLE AMBIENTAL,ATIVIDADE,10.01,,311000.0,ppa-acao,False
11,SECRETARIA DE EDUCAÇÃO,1,DIVISAO DE EDUCAÇÃO,12,Educação,361,Ensino Fundamental,2001,ENSINO FUNDAMENTAL,1559,CONSTRUÇÃO AMPLIAÇÃO E REFORMA - PRÉDIOS DA EDUCAÇÃO,PROJETO,11.01,100,1463808.0,ppa-acao,False
11,SECRETARIA DE EDUCAÇÃO,1,DIVISAO DE EDUCAÇÃO,12,Educação,367,Educação Especial,2001,ENSINO FUNDAMENTAL,2043,FUNCIONAMENTO DA EDUCACAO ESPECIAL,ATIVIDADE,11.01,610,8259504.0,ppa-acao,False
11,SECRETARIA DE EDUCAÇÃO,1,DIVISAO DE EDUCAÇÃO,12,Educação,361,Ensino Fundamental,2001,ENSINO FUNDAMENTAL,2054,TRANSPORTE DE ALUNOS,ATIVIDADE,11.01,1680,10000000.0,ppa-acao,False
11,SECRETARIA DE EDUCAÇÃO,1,DIVISAO DE EDUCAÇÃO,12,Educação,361,Ensino Fundamental,2001,ENSINO FUNDAMENTAL,2082,DESENVOLVIMENTO DE RECURSOS HUMANOS,ATIVIDADE,11.01,859,16954213.0,ppa-acao,False
11,SECRETARIA DE EDUCAÇÃO,1,DIVISAO DE EDUCAÇÃO,12,Educação,361,Ensino Fundamental,2001,ENSINO FUNDAMENTAL,2183,BENEFICIO AO TRABALHADOR,ATIVIDADE,11.01,864,20341342.0,ppa-acao,False
11,SECRETARIA DE EDUCAÇÃO,1,DIVISAO DE EDUCAÇÃO,12,Educação,361,Ensino Fundamental,2001,ENSINO FUNDAMENTAL,2295,MANUTENCAO DA FROTA,ATIVIDADE,11.01,26,305000.0,ppa-acao,False
11,SECRETARIA DE EDUCAÇÃO,1,DIVISAO DE EDUCAÇÃO,12,Educação,361,Ensino Fundamental,2001,ENSINO FUNDAMENTAL,2884,CONSERVAÇÃO E MANUT.DAS UNIDADES DA EDUCAÇÃO,ATIVIDADE,11.01,24,1468000.0,ppa-acao,False
11,SECRETARIA DE EDUCAÇÃO,1,DIVISAO DE EDUCAÇÃO,12,Educação,361,Ensino Fundamental,2001,ENSINO FUNDAMENTAL,2885,FUNCIONAMENTO DAS ATIVIDADES DA EDUCAÇÃO.,ATIVIDADE,11.01,17250,10982096.0,ppa-acao,False
11,SECRETARIA DE EDUCAÇÃO,1,DIVISAO DE EDUCAÇÃO,12,Educação,361,Ensino Fundamental,2001,ENSINO FUNDAMENTAL,2886,DESENVOLVIMENTO RECURSOS HUMANOS - FUNDEB,ATIVIDADE,11.01,328,59757518.0,ppa-acao,False
11,SECRETARIA DE EDUCAÇÃO,1,DIVISAO DE EDUCAÇÃO,12,Educação,365,Educação Infantil,2002,ATENÇÃO À PRIMEIRA INFÂNCIA,1559,CONSTRUÇÃO AMPLIAÇÃO E REFORMA - PRÉDIOS DA EDUCAÇÃO,PROJETO,11.01,,600000.0,ppa-acao,False
11,SECRETARIA DE EDUCAÇÃO,1,DIVISAO DE EDUCAÇÃO,12,Educação,365,Educação Infantil,2002,ATENÇÃO À PRIMEIRA INFÂNCIA,2054,TRANSPORTE DE ALUNOS,ATIVIDADE,11.01,,2950000.0,ppa-acao,False
11,SECRETARIA DE EDUCAÇÃO,1,DIVISAO DE EDUCAÇÃO,12,Educação,365,Educação Infantil,2002,ATENÇÃO À PRIMEIRA INFÂNCIA,2082,DESENVOLVIMENTO DE RECURSOS HUMANOS,ATIVIDADE,11.01,,8174109.0,ppa-acao,False
11,SECRETARIA DE EDUCAÇÃO,1,DIVISAO DE EDUCAÇÃO,12,Educação,365,Educação Infantil,2002,ATENÇÃO À PRIMEIRA INFÂNCIA,2183,BENEFICIO AO TRABALHADOR,ATIVIDADE,11.01,,8512784.0,ppa-acao,False
11,SECRETARIA DE EDUCAÇÃO,1,DIVISAO DE EDUCAÇÃO,12,Educação,365,Educação Infantil,2002,ATENÇÃO À PRIMEIRA INFÂNCIA,2884,CONSERVAÇÃO E MANUT.DAS UNIDADES DA EDUCAÇÃO,ATIVIDADE,11.01,,2256000.0,ppa-acao,False
11,SECRETARIA DE EDUCAÇÃO,1,DIVISAO DE EDUCAÇÃO,12,Educação,365,Educação Infantil,2002,ATENÇÃO À PRIMEIRA INFÂNCIA,2885,FUNCIONAMENTO DAS ATIVIDADES DA EDUCAÇÃO,ATIVIDADE,11.01,,32244704.0,ppa-acao,False
11,SECRETARIA DE EDUCAÇÃO,1,DIVISAO DE EDUCAÇÃO,12,Educação,365,Educação Infantil,2002,ATENÇÃO À PRIMEIRA INFÂNCIA,2886,DESENVOLVIMENTO RECURSOS HUMANOS - FUNDEB,ATIVIDADE,11.01,,44288248.0,ppa-acao,False
11,SECRETARIA DE EDUCAÇÃO,1,DIVISAO DE EDUCAÇÃO,12,Educação,364,Ensino Superior,2007,ENSINO MÉDIO/ENSINO TÉCNICO/ENSINO SUPERIOR,2054,TRANSPORTE DE ALUNOS,ATIVIDADE,11.01,,280000.0,ppa-acao,True
11,SECRETARIA DE EDUCAÇÃO,1,DIVISAO DE EDUCAÇÃO,12,Educação,364,Ensino Superior,2007,ENSINO MÉDIO/ENSINO TÉCNICO/ENSINO SUPERIOR,2054,TRANSPORTE DE ALUNOS,ATIVIDADE,11.01,,1543000.0,ppa-acao,True
12,SECRETARIA MUNICIPAL DE ESPORTE E LAZER,1,DIVISAO DE ESPORTES E LAZER,27,Desporto e Lazer,812,Desporto Comunitário,3011,"ESPORTE,LAZER E QUALIDADE DE VIDA PARA TODOS.",2082,DESENVOLVIMENTO DE RECURSOS HUMANOS,ATIVIDADE,12.01,,5767371.0,ppa-acao,False
12,SECRETARIA MUNICIPAL DE ESPORTE E LAZER,1,DIVISAO DE ESPORTES E LAZER,27,Desporto e Lazer,812,Desporto Comunitário,3011,"ESPORTE,LAZER E QUALIDADE DE VIDA PARA TODOS.",2836,ATIVIDADES DE EVENTOS ESPORTIVOS,ATIVIDADE,12.01,,3458508.0,ppa-acao,False
13,SECRETARIA DE SAUDE,1,ATENCAO BASICA,10,Saúde,301,Atenção Básica,1001,PROGRAMA DE ATENCAO BASICA A SAUDE,1244,CONSTR.REFORMA E AMPLIACAO DE UNIDADES DE SAÚDE,PROJETO,13.01,23,250000.0,ppa-acao,False
13,SECRETARIA DE SAUDE,1,ATENCAO BASICA,10,Saúde,301,Atenção Básica,1001,PROGRAMA DE ATENCAO BASICA A SAUDE,2001,ATENDIMENTOS ATENCAO BASICA,ATIVIDADE,13.01,100,33596950.0,ppa-acao,False
13,SECRETARIA DE SAUDE,1,ATENCAO BASICA,10,Saúde,301,Atenção Básica,1001,PROGRAMA DE ATENCAO BASICA A SAUDE,2082,DESENVOLVIMENTO DE RECURSOS HUMANOS,ATIVIDADE,13.01,495,40122381.0,ppa-acao,False
13,SECRETARIA DE SAUDE,1,ATENCAO BASICA,10,Saúde,301,Atenção Básica,1001,PROGRAMA DE ATENCAO BASICA A SAUDE,2183,BENEFICIO AO TRABALHADOR,ATIVIDADE,13.01,495,8248000.0,ppa-acao,False
13,SECRETARIA DE SAUDE,1,ATENCAO BASICA,10,Saúde,301,Atenção Básica,1001,PROGRAMA DE ATENCAO BASICA A SAUDE,2295,MANUTENCAO DA FROTA,ATIVIDADE,13.01,48,2497000.0,ppa-acao,False
13,SECRETARIA DE SAUDE,4,VIGILANCIA EM SAUDE,10,Saúde,304,Vigilincia Sanizéria,1005,VIGILANCIA EM SAUDE,2019,ACOES ESTRUTURANTES VIGILANCIA SANITARIA,ATIVIDADE,13.04,,110150.0,ppa-acao,False
13,SECRETARIA DE SAUDE,4,VIGILANCIA EM SAUDE,10,Saúde,305,Vigilância Epidemiológica,1005,VIGILANCIA EM SAUDE,2023,VIG.PREVENCAO E PROMOCAO DE SAUDE,ATIVIDADE,13.04,,1033000.0,ppa-acao,False
13,SECRETARIA DE SAUDE,4,VIGILANCIA EM SAUDE,10,Saúde,305,Vigilância Epidemiológica,1005,VIGILANCIA EM SAUDE,2082,DESENVOLVIMENTO DE RECURSOS HUMANOS,ATIVIDADE,13.04,,3214883.0,ppa-acao,True
13,SECRETARIA DE SAUDE,4,VIGILANCIA EM SAUDE,10,Saúde,305,Vigilância Epidemiológica,1005,VIGILANCIA EM SAUDE,2082,DESENVOLVIMENTO DE RECURSOS HUMANOS,ATIVIDADE,13.04,,238029.0,ppa-acao,True
13,SECRETARIA DE SAUDE,4,VIGILANCIA EM SAUDE,10,Saúde,305,Vigilância Epidemiológica,1005,VIGILANCIA EM SAUDE,2183,BENEFICIO AO TRABALHADOR,ATIVIDADE,13.04,,710945.0,ppa-acao,False
13,SECRETARIA DE SAUDE,4,VIGILANCIA EM SAUDE,10,Saúde,305,Vigilância Epidemiológica,1005,VIGILANCIA EM SAUDE,2660,PROGRAMA NACIONAL HIVIAIDS,ATIVIDADE,13.04,,188920.0,ppa-acao,False
13,SECRETARIA DE SAUDE,2,ASSISTENCIA FARMACEUTICA,10,Saúde,301,Atenção Básica,1006,PROGRAMA DE ASSISTENCIA FARMACEUTICA,2640,ASSISTENCIA FARMACEUTICA BASICA,ATIVIDADE,13.02,,10280000.0,ppa-acao,False
13,SECRETARIA DE SAUDE,2,ASSISTENCIA FARMACEUTICA,10,Saúde,301,Atenção Básica,1006,PROGRAMA DE ASSISTENCIA FARMACEUTICA,2874,"MEDICAMENTO, MATERIAIS E DIETAS - jUDICIAL",ATIVIDADE,13.02,,1800000.0,ppa-acao,False
13,SECRETARIA DE SAUDE,5,GESTAC DO SUS,10,Saúde,301,Atenção Básica,1009,GESTAO DO SISTEMA DE SAUDE,2645,MANUTENCAO DA GESTAO DO SISTEMA DE SAUDE,ATIVIDADE,13.05,,683508.0,ppa-acao,False
13,SECRETARIA DE SAUDE,5,GESTAC DO SUS,10,Saúde,301,Atenção Básica,1009,GESTAO DO SISTEMA DE SAUDE,2875,CONSELHO MUNICIPAL DE SAUDE,ATIVIDADE,13.05,,17000.0,ppa-acao,False
13,SECRETARIA DE SAUDE,3,MEDIA E ALTA COMPLEXIDADE HOSPITALAR,10,Saúde,302,Assistência Hospitalar E Ambulatorial,1010,ASSISTENCIA MEDIA/ALTA COMPLEX.AMBUL.HOSPITALAR,1090,REDE SAUDE MENTAL,PROJETO,13.03,,5721000.0,ppa-acao,False
13,SECRETARIA DE SAUDE,3,MEDIA E ALTA COMPLEXIDADE HOSPITALAR,10,Saúde,302,Assistência Hospitalar E Ambulatorial,1010,ASSISTENCIA MEDIA/ALTA COMPLEX.AMBUL.HOSPITALAR,1340,SERVICO DE ATENDIMENTO MOVEL URGENCIA (SAMU),PROJETO,13.03,,8417000.0,ppa-acao,False
13,SECRETARIA DE SAUDE,3,MEDIA E ALTA COMPLEXIDADE HOSPITALAR,10,Saúde,302,Assistência Hospitalar E Ambulatorial,1010,ASSISTENCIA MEDIA/ALTA COMPLEX.AMBUL.HOSPITALAR,2297,TRANSPORTE DE DOENTES,ATIVIDADE,13.03,,8240000.0,ppa-acao,False
13,SECRETARIA DE SAUDE,3,MEDIA E ALTA COMPLEXIDADE HOSPITALAR,10,Saúde,302,Assistência Hospitalar E Ambulatorial,1010,ASSISTENCIA MEDIA/ALTA COMPLEX.AMBUL.HOSPITALAR,2636,ASSISTENCIA MEDIAALTA COMPL.AMB.HOSPITALAR,ATIVIDADE,13.03,,59189529.0,ppa-acao,False
13,SECRETARIA DE SAUDE,3,MEDIA E ALTA COMPLEXIDADE HOSPITALAR,10,Saúde,302,Assistência Hospitalar E Ambulatorial,1010,ASSISTENCIA MEDIA/ALTA COMPLEX.AMBUL.HOSPITALAR,2820,PROGRAAMA ASSISTÉNCIA Á SINDROME DE ESPECTRO AUTISTA,ATIVIDADE,13.03,,1385000.0,ppa-acao,False
14,SECRETARIA DE ASSISTENCIA SOCIAL,1,DIVISAO DE ACAO SOCIAL,08,Assistência Social,122,Administração Geral,4011,GESTAO DA POLITICA DE ASSISTENCIA SOCIAL,2082,DESENVOLVIMENTO DE RECURSOS HUMANOS,ATIVIDADE,14.01,,5000000.0,ppa-acao,False
14,SECRETARIA DE ASSISTENCIA SOCIAL,1,DIVISAO DE ACAO SOCIAL,08,Assistência Social,243,Assistência A Criança E Ao Adolescente,4011,GESTAO DA POLITICA DE ASSISTENCIA SOCIAL,2126,MANUTENCAO DO CONSELHO TUTELAR,ATIVIDADE,14.01,,280000.0,ppa-acao,False
14,SECRETARIA DE ASSISTENCIA SOCIAL,1,DIVISAO DE ACAO SOCIAL,08,Assistência Social,122,Administração Geral,4011,GESTAO DA POLITICA DE ASSISTENCIA SOCIAL,2608,MANUTENCAO DE CONSELHOS,ATIVIDADE,14.01,,153000.0,ppa-acao,False
14,SECRETARIA DE ASSISTENCIA SOCIAL,1,DIVISAO DE ACAO SOCIAL,08,Assistência Social,243,Assistência A Criança E Ao Adolescente,4011,GESTAO DA POLITICA DE ASSISTENCIA SOCIAL,2860,POLÍTICAS DE ASSISTÊNCIA A CRIANÇA E AO ADOLESCENTE,ATIVIDADE,14.01,,4074000.0,ppa-acao,False
14,SECRETARIA DE ASSISTENCIA SOCIAL,1,DIVISAO DE ACAO SOCIAL,08,Assistência Social,241,Assistência À Pessoa Idosa,4011,GESTAO DA POLITICA DE ASSISTENCIA SOCIAL,2861,POLÍTICAS DE ASSISTÊNCIA AO IDOSO,ATIVIDADE,14.01,,3330000.0,ppa-acao,False
14,SECRETARIA DE ASSISTENCIA SOCIAL,1,DIVISAO DE ACAO SOCIAL,08,Assistência Social,242,Assistência À Pessoa Com Deficiência,4011,GESTAO DA POLITICA DE ASSISTENCIA SOCIAL,2862,POLITICAS DE ASSISTÊNCIA A PESSOA COM DEFICIÊNCIA,ATIVIDADE,14.01,,2992000.0,ppa-acao,False
14,SECRETARIA DE ASSISTENCIA SOCIAL,1,DIVISAO DE ACAO SOCIAL,08,Assistência Social,244,Assistência Comunitária,4011,GESTAO DA POLITICA DE ASSISTENCIA SOCIAL,2863,POLÍTICAS DE ASSISTÊNCIA COMUNITARIA,ATIVIDADE,14.01,,3809000.0,ppa-acao,False
14,SECRETARIA DE ASSISTENCIA SOCIAL,1,DIVISAO DE ACAO SOCIAL,08,Assistência Social,122,Administração Geral,4011,GESTAO DA POLITICA DE ASSISTENCIA SOCIAL,2864,GESTÃO MUNICIPAL DO SUAS,ATIVIDADE,14.01,,834667.0,ppa-acao,False
14,SECRETARIA DE ASSISTENCIA SOCIAL,1,DIVISAO DE ACAO SOCIAL,08,Assistência Social,244,Assistência Comunitária,4011,GESTAO DA POLITICA DE ASSISTENCIA SOCIAL,2865,POLITICAS DE PROTEÇAO A MULHER,ATIVIDADE,14.01,,90000.0,ppa-acao,False
15,SECRETARIA DE SEGURANCA PUBLICA,2,DEPARTAMENTO DE TRÂNSITO,06,Segurança Pública,125,Normatização E Fiscalização,8001,TRÂNSITO SEGURO,2082,DESENVOLVIMENTO DE RECURSOS HUMANOS,ATIVIDADE,15.02,15,330000.0,ppa-acao,False
15,SECRETARIA DE SEGURANCA PUBLICA,2,DEPARTAMENTO DE TRÂNSITO,06,Segurança Pública,125,Normatização E Fiscalização,8001,TRÂNSITO SEGURO,2888,MANUTENÇÃO SINALIZAÇÃO E FISCALIZAÇÃO DO SISTEMA VIÁRIO,ATIVIDADE,15.02,10000,4320495.0,ppa-acao,False
15,SECRETARIA DE SEGURANCA PUBLICA,2,DEPARTAMENTO DE TRÂNSITO,06,Segurança Pública,125,Normatização E Fiscalização,8001,TRÂNSITO SEGURO,2889,EDUCAÇÃO NO TRÂNSITO,ATIVIDADE,15.02,12,12000.0,ppa-acao,False
15,SECRETARIA DE SEGURANCA PUBLICA,1,DIRETORIA ADMINISTRATIVA GUARDA MUNICIPAL,06,Segurança Pública,181,Policiamento,8002,SEGURANCA MUNICIPAL,2082,DESENVOLVIMENTO DE RECURSOS HUMANOS,ATIVIDADE,15.01,,8168106.0,ppa-acao,False
15,SECRETARIA DE SEGURANCA PUBLICA,1,DIRETORIA ADMINISTRATIVA GUARDA MUNICIPAL,06,Segurança Pública,181,Policiamento,8002,SEGURANCA MUNICIPAL,2267,MANUTENCAO DA GUARDA MUNICIPAL,ATIVIDADE,15.01,,3466000.0,ppa-acao,False
16,SUBPREFEITURA DE MARTINHO PRADO JUNIOR,1,"DIVISAO DE APOIO, OBRAS E OPERACAO",20,Agricultura,606,Extensão Rural,5004,INFRA-ESTRUTURA E SERVIÇOS PARA MARTINHO PRADO,2082,DESENVOLVIMENTO DE RECURSOS HUMANOS,ATIVIDADE,16.01,,2673329.0,ppa-acao,False
16,SUBPREFEITURA DE MARTINHO PRADO JUNIOR,1,"DIVISAO DE APOIO, OBRAS E OPERACAO",20,Agricultura,606,Extensão Rural,5004,INFRA-ESTRUTURA E SERVIÇOS PARA MARTINHO PRADO,2842,ATIVIDADES DA SUBPREFEITURA MARTINHO PRADO JR.,ATIVIDADE,16.01,,192000.0,ppa-acao,False
16,SUBPREFEITURA DE MARTINHO PRADO JUNIOR,1,"DIVISAO DE APOIO, OBRAS E OPERACAO",20,Agricultura,606,Extensão Rural,5004,INFRA-ESTRUTURA E SERVIÇOS PARA MARTINHO PRADO,2843,MANUT. E CONSERV. LIMPEZA PUBLICA E ESTRADAS RURAIS,ATIVIDADE,16.01,,200000.0,ppa-acao,False
17,ENCARGOS GERAIS DO MUNICIPIO,1,RECURSOS SUPERVISIONADOS PISECRETARIA DE FINANÇAS,04,Administração,122,Administração Geral,7001,"FINANÇAS, ARRECADAÇÃO, CADASTRO E AUDITORIA.",2183,BENEFICIO AO TRABALHADOR,ATIVIDADE,17.01,,30200000.0,ppa-acao,False
17,ENCARGOS GERAIS DO MUNICIPIO,1,RECURSOS SUPERVISIONADOS PISECRETARIA DE FINANÇAS,04,Administração,122,Administração Geral,7001,"FINANÇAS, ARRECADAÇÃO, CADASTRO E AUDITORIA.",2250,MANUTENCAO DOS SERVICOS ADMINISTRATIVOS,ATIVIDADE,17.01,,3000000.0,ppa-acao,False
17,ENCARGOS GERAIS DO MUNICIPIO,1,RECURSOS SUPERVISIONADOS PISECRETARIA DE FINANÇAS,04,Administração,122,Administração Geral,7001,"FINANÇAS, ARRECADAÇÃO, CADASTRO E AUDITORIA.",2510,INATIVOS/PENSIONISTAS/APOSENTADOS,ATIVIDADE,17.01,,1182000.0,ppa-acao,False
17,ENCARGOS GERAIS DO MUNICIPIO,1,RECURSOS SUPERVISIONADOS PISECRETARIA DE FINANÇAS,04,Administração,123,Administração Financeira,7001,"FINANÇAS, ARRECADAÇÃO, CADASTRO E AUDITORIA.",2866,ENCARGOS SOCIAIS,ATIVIDADE,17.01,,12000000.0,ppa-programa,True
17,ENCARGOS GERAIS DO MUNICIPIO,1,RECURSOS SUPERVISIONADOS P/SECRETARIA DE FINANÇAS,28,Encargos Especiais,122,Administração Geral,9001,CONTRIBUIÇÕES A UNIÃO,0001,PASEP- GERAL,OPERACAO_ESPECIAL,17.01,,8235000.0,ppa-acao,True
17,ENCARGOS GERAIS DO MUNICIPIO,1,RECURSOS SUPERVISIONADOS P/SECRETARIA DE FINANÇAS,28,Encargos Especiais,843,Serviço Da Dívida Interna,9002,SERVICO DA DIVIDA,0008,"""SERVICO DA DIVIDA INTERNA - PMMG",OPERACAO_ESPECIAL,17.01,,28800000.0,ppa-acao,False
17,ENCARGOS GERAIS DO MUNICIPIO,1,RECURSOS SUPERVISIONADOS PISECRETARIA DE FINANÇAS,28,Encargos Especiais,846,Outros Encargos Especiais,9003,INDENIZACOES,0014,PRECATORIOS - PMMG,OPERACAO_ESPECIAL,17.01,,17610000.0,ppa-acao,False
17,ENCARGOS GERAIS DO MUNICIPIO,1,RECURSOS SUPERVISIONADOS PISECRETARIA DE FINANÇAS,28,Encargos Especiais,846,Outros Encargos Especiais,9003,INDENIZACOES,2834,REQUISIÇÃO DE PEQUENO VALOR - RPV,ATIVIDADE,17.01,,1005538.0,ppa-acao,False
18,SAMAE - SERVICO AUTONOMO MUNICIPAL DE AGUA E ESGOTO,7,SECRETARIA AUTÁRQUICA DE PLANEJAMENTO,17,Saneamento,512,Saneamento Básico Urbano,5007,SISTEMAS DE AGUA E DE ESGOTO SANITARIO,1048,CONSTRUCAO OU AMPLIACÃO DO SISTEMA DE COLETA DE ESGOTO E,PROJETO,18.07,,4182700.0,ppa-acao,False
18,SAMAE - SERVICO AUTONOMO MUNICIPAL DE AGUA E ESGOTO,8,SECRETARIA AUTÁRQUICA DE SERVIÇOS E TRATAMENTO (ÁGUA E ESGOTO),17,Saneamento,512,Saneamento Básico Urbano,5007,SISTEMAS DE AGUA E DE ESGOTO SANITARIO,1048,CONSTRUCÃO OU AMPLIACÃO DO SISTEMA DE COLETA DE ESGOTO E,PROJETO,18.08,,485130.0,ppa-acao,False
18,SAMAE - SERVICO AUTONOMO MUNICIPAL DE AGUA E ESGOTO,1,SUPERINTENDÉNCIA,17,Saneamento,512,Saneamento Básico Urbano,5007,SISTEMAS DE AGUA E DE ESGOTO SANITARIO,1050,CONSTRUCÃO OU AMPLIACÃO DO SISTEMA DE ABASTECIMENTO DE™,PROJETO,18.01,,31827.0,ppa-acao,False
18,SAMAE - SERVICO AUTONOMO MUNICIPAL DE AGUA E ESGOTO,5,SECRETARIA AUTÁRQUICA FINANCEIRA,17,Saneamento,512,Saneamento Básico Urbano,5007,SISTEMAS DE AGUA E DE ESGOTO SANITARIO,1050,CONSTRUCÃO OU AMPLIACÃO DO SISTEMA DE ABASTECIMENTO DE,PROJETO,18.05,,106090.0,ppa-acao,False
18,SAMAE - SERVICO AUTONOMO MUNICIPAL DE AGUA E ESGOTO,6,SECRETARIA AUTÁRQUICA SUPRIMENTOS,17,Saneamento,512,Saneamento Básico Urbano,5007,SISTEMAS DE AGUA E DE ESGOTO SANITARIO,1050,CONSTRUCAO OU AMPLIACÃÓ DO SISTEMA DE ABASTECIMENTO DE,PROJETO,18.06,,79567.0,ppa-acao,False
18,SAMAE - SERVICO AUTONOMO MUNICIPAL DE AGUA E ESGOTO,7,SECRETARIA AUTÁRQUICA DE PLANEJAMENTO,17,Saneamento,512,Saneamento Básico Urbano,5007,SISTEMAS DE AGUA E DE ESGOTO SANITARIO,1050,CONSTRUCAO OU AMPLIACAO DO SISTEMA DE ABASTECIMENTO DE,PROJETO,18.07,,4394880.0,ppa-acao,False
18,SAMAE - SERVICO AUTONOMO MUNICIPAL DE AGUA E ESGOTO,8,SECRETARIA AUTÁRQUICA DE SERVIÇOS E TRATAMENTO (ÁGUA E ESGOTO),17,Saneamento,512,Saneamento Básico Urbano,5007,SISTEMAS DE AGUA E DE ESGOTO SANITARIO,1050,CONSTRUCAO OU AMPLIACAO DO SISTEMA DE ABASTECIMENTO DE,PROJETO,18.08,,55465.0,ppa-acao,False
18,SAMAE - SERVICO AUTONOMO MUNICIPAL DE AGUA E ESGOTO,1,SUPERINTENDÉNCIA,17,Saneamento,512,Saneamento Básico Urbano,5007,SISTEMAS DE AGUA E DE ESGOTO SANITARIO,2086,DESENVOLVIMENTO DE RECURSOS HUMANOS AGUA,ATIVIDADE,18.01,,944201.0,ppa-acao,False
18,SAMAE - SERVICO AUTONOMO MUNICIPAL DE AGUA E ESGOTO,5,SECRETARIA AUTÁRQUICA FINANCEIRA,17,Saneamento,512,Saneamento Básico Urbano,5007,SISTEMAS DE AGUA E DE ESGOTO SANITARIO,2086,DESENVOLVIMENTO DE RECURSOS HUMANOS AGUA,ATIVIDADE,18.05,,4413344.0,ppa-acao,False
18,SAMAE - SERVICO AUTONOMO MUNICIPAL DE AGUA E ESGOTO,6,SECRETARIA AUTÁRQUICA SUPRIMENTOS,17,Saneamento,512,Saneamento Básico Urbano,5007,SISTEMAS DE AGUA E DE ESGOTO SANITARIO,2086,DESENVOLVIMENTO DE RECURSOS HUMANOS AGUA,ATIVIDADE,18.06,,976028.0,ppa-acao,False
18,SAMAE - SERVICO AUTONOMO MUNICIPAL DE AGUA E ESGOTO,7,SECRETARIA AUTÁRQUICA DE PLANEJAMENTO,17,Saneamento,512,Saneamento Básico Urbano,5007,SISTEMAS DE AGUA E DE ESGOTO SANITARIO,2086,DESENVOLVIMENTO DE RECURSOS HUMANOS AGUA,ATIVIDADE,18.07,,594104.0,ppa-acao,False
18,SAMAE - SERVICO AUTONOMO MUNICIPAL DE AGUA E ESGOTO,8,SECRETARIA AUTÁRQUICA DE SERVIÇOS E TRATAMENTO (ÁGUA E ESGOTO),17,Saneamento,512,Saneamento Básico Urbano,5007,SISTEMAS DE AGUA E DE ESGOTO SANITARIO,2086,DESENVOLVIMENTO DE RECURSOS HUMANOS AGUA,ATIVIDADE,18.08,,6533393.0,ppa-acao,False
18,SAMAE - SERVICO AUTONOMO MUNICIPAL DE AGUA E ESGOTO,7,SECRETARIA AUTÁRQUICA DE PLANEJAMENTO,17,Saneamento,512,Saneamento Básico Urbano,5007,SISTEMAS DE AGUA E DE ESGOTO SANITARIO,2087,DESENVOLVIMENTO DE RECURSOS HUMANOS ESGOTO,ATIVIDADE,18.07,,254616.0,ppa-acao,False
18,SAMAE - SERVICO AUTONOMO MUNICIPAL DE AGUA E ESGOTO,8,SECRETARIA AUTÁRQUICA DE SERVIÇOS E TRATAMENTO (ÁGUA E ESGOTO),17,Saneamento,512,Saneamento Básico Urbano,5007,SISTEMAS DE AGUA E DE ESGOTO SANITARIO,2087,DESENVOLVIMENTO DE RECURSOS HUMANOS ESGOTO,ATIVIDADE,18.08,,5514413.0,ppa-acao,False
18,SAMAE - SERVICO AUTONOMO MUNICIPAL DE AGUA E ESGOTO,1,SUPERINTENDÉNCIA,17,Saneamento,512,Saneamento Básico Urbano,5007,SISTEMAS DE AGUA E DE ESGOTO SANITARIO,2579,OPERACIONALIZAÇÃO DO SISTEMA DE AGUA,ATIVIDADE,18.01,,40313.0,ppa-acao,False
18,SAMAE - SERVICO AUTONOMO MUNICIPAL DE AGUA E ESGOTO,5,SECRETARIA AUTÁRQUICA FINANCEIRA,17,Saneamento,512,Saneamento Básico Urbano,5007,SISTEMAS DE AGUA E DE ESGOTO SANITARIO,2579,OPERACIONALIZAÇÃO DO SISTEMA DE AGUA,ATIVIDADE,18.05,,11168339.0,ppa-acao,False
18,SAMAE - SERVICO AUTONOMO MUNICIPAL DE AGUA E ESGOTO,6,SECRETARIA AUTÁRQUICA SUPRIMENTOS,17,Saneamento,512,Saneamento Básico Urbano,5007,SISTEMAS DE AGUA E DE ESGOTO SANITARIO,2579,OPERACIONALIZAÇÃO DO SISTEMA DE AGUA,ATIVIDADE,18.06,,1696909.0,ppa-acao,False
18,SAMAE - SERVICO AUTONOMO MUNICIPAL DE AGUA E ESGOTO,7,SECRETARIA AUTÁRQUICA DE PLANEJAMENTO,17,Saneamento,512,Saneamento Básico Urbano,5007,SISTEMAS DE AGUA E DE ESGOTO SANITARIO,2579,OPERACIONALIZAÇÃO DO SISTEMA DE AGUA,ATIVIDADE,18.07,,14756299.0,ppa-acao,False
18,SAMAE - SERVICO AUTONOMO MUNICIPAL DE AGUA E ESGOTO,8,SECRETARIA AUTÁRQUICA DE SERVIÇOS E TRATAMENTO (ÁGUA E ESGOTO),17,Saneamento,512,Saneamento Básico Urbano,5007,SISTEMAS DE AGUA E DE ESGOTO SANITARIO,2579,OPERACIONALIZAÇÃO DO SISTEMA DE AGUA,ATIVIDADE,18.08,,10111861.0,ppa-acao,False
18,SAMAE - SERVICO AUTONOMO MUNICIPAL DE AGUA E ESGOTO,5,SECRETARIA AUTÁRQUICA FINANCEIRA,17,Saneamento,512,Saneamento Básico Urbano,5007,SISTEMAS DE AGUA E DE ESGOTO SANITARIO,2599,OPERACIONALIZAÇÃO DO SISTEMA DE ESGOTO,ATIVIDADE,18.05,,2755899.0,ppa-acao,False
18,SAMAE - SERVICO AUTONOMO MUNICIPAL DE AGUA E ESGOTO,6,SECRETARIA AUTÁRQUICA SUPRIMENTOS,17,Saneamento,512,Saneamento Básico Urbano,5007,SISTEMAS DE AGUA E DE ESGOTO SANITARIO,2599,OPERACIONALIZAÇÃO DO SISTEMA DE ESGOTO,ATIVIDADE,18.06,,679506.0,ppa-acao,False
18,SAMAE - SERVICO AUTONOMO MUNICIPAL DE AGUA E ESGOTO,7,SECRETARIA AUTÁRQUICA DE PLANEJAMENTO,17,Saneamento,512,Saneamento Básico Urbano,5007,SISTEMAS DE AGUA E DE ESGOTO SANITARIO,2599,OPERACIONALIZAÇÃO DO SISTEMA DE ESGOTO,ATIVIDADE,18.07,,9063032.0,ppa-acao,False
18,SAMAE - SERVICO AUTONOMO MUNICIPAL DE AGUA E ESGOTO,8,SECRETARIA AUTÁRQUICA DE SERVIÇOS E TRATAMENTO (ÁGUA E ESGOTO),17,Saneamento,512,Saneamento Básico Urbano,5007,SISTEMAS DE AGUA E DE ESGOTO SANITARIO,2599,OPERACIONALIZAÇÃO DO SISTEMA DE ESGOTO,ATIVIDADE,18.08,,4445004.0,ppa-acao,False
18,SAMAE - SERVICO AUTONOMO MUNICIPAL DE AGUA E ESGOTO,4,ENCARGOS GERAIS DA AUTARQUIA,28,Encargos Especiais,122,Administração Geral,9001,CONTRIBUIÇÕES A UNIÃO,0001,PASEP - GERAL,OPERACAO_ESPECIAL,18.04,,852000.0,ppa-acao,True
18,SAMAE - SERVICO AUTONOMO MUNICIPAL DE AGUA E ESGOTO,4,ENCARGOS GERAIS DA AUTARQUIA,28,Encargos Especiais,846,Outros Encargos Especiais,9003,INDENIZACOES,0012,INDENIZACOES - SAMAE,OPERACAO_ESPECIAL,18.04,,1015424.0,ppa-acao,False
18,SAMAE - SERVICO AUTONOMO MUNICIPAL DE AGUA E ESGOTO,4,ENCARGOS GERAIS DA AUTARQUIA,99,Reserva de Contingência,999,Reserva De Contingência,9999,RESERVA DE CONTINGENCIA,9999,RESERVA DE CONTINGÊNCIA,OPERACAO_ESPECIAL,18.04,,1000.0,ppa-acao,False
19,FEG - FUNDACAO EDUCACIONAL GUAÇUANA,2,SETOR DE ENSINO FUNDAMENTAL,12,Educação,361,Ensino Fundamental,2001,ENSINO FUNDAMENTAL,1521,"REFORMA E PINTURA GFRAL""",PROJETO,19.02,,10000.0,ppa-acao,False
19,FEG - FUNDACAO EDUCACIONAL GUAÇUANA,2,SETOR DE ENSINO FUNDAMENTAL,12,Educação,361,Ensino Fundamental,2001,ENSINO FUNDAMENTAL,1522,LABORATORIO DE INFORMATICA,PROJETO,19.02,,10000.0,ppa-acao,False
19,FEG - FUNDACAO EDUCACIONAL GUAÇUANA,2,SETOR DE ENSINO FUNDAMENTAL,12,Educação,361,Ensino Fundamental,2001,ENSINO FUNDAMENTAL,1523,INFORMATIZAÇÃO DAS SALAS DE AULAS,PROJETO,19.02,,10000.0,ppa-acao,False
19,FEG - FUNDACAO EDUCACIONAL GUAÇUANA,2,SETOR DE ENSINO FUNDAMENTAL,12,Educação,361,Ensino Fundamental,2001,ENSINO FUNDAMENTAL,1529,REFORMA DA PARTE ELÉTAICA,PROJETO,19.02,,10000.0,ppa-acao,False
19,FEG - FUNDACAO EDUCACIONAL GUAÇUANA,2,SETOR DE ENSINO FUNDAMENTAL,12,Educação,361,Ensino Fundamental,2001,ENSINO FUNDAMENTAL,1530,REGULAIZAÇÃO DO PROJETO DE SEGURANÇA (BOMBEIROS),PROJETO,19.02,,0.0,ppa-acao,False
19,FEG - FUNDACAO EDUCACIONAL GUAÇUANA,2,SETOR DE ENSINO FUNDAMENTAL,12,Educação,361,Ensino Fundamental,2001,ENSINO FUNDAMENTAL,1531,INSTALAÇÃO DE PLACA FOTOVOTAICA,PROJETO,19.02,,0.0,ppa-acao,False
19,FEG - FUNDACAO EDUCACIONAL GUAÇUANA,2,SETOR DE ENSINO FUNDAMENTAL,12,Educação,361,Ensino Fundamental,2001,ENSINO FUNDAMENTAL,1532,CONSTRUÇÃO E REFORMA DA PARTE ADMINISTRATIVA DA ESCOLA,PROJETO,19.02,,0.0,ppa-acao,False
19,FEG - FUNDACAO EDUCACIONAL GUAÇUANA,2,SETOR DE ENSINO FUNDAMENTAL,12,Educação,361,Ensino Fundamental,2001,ENSINO FUNDAMENTAL,2082,DESENVOLVIMENTO DE RECURSOS HUMANOS,ATIVIDADE,19.02,,6400000.0,ppa-acao,False
19,FEG - FUNDACAO EDUCACIONAL GUAÇUANA,2,SETOR DE ENSINO FUNDAMENTAL,12,Educação,361,Ensino Fundamental,2001,ENSINO FUNDAMENTAL,2314,FUNCIONAMENTO ENSINO FUNDAMENTAL - FEG,ATIVIDADE,19.02,,1580000.0,ppa-acao,False
19,FEG - FUNDACAO EDUCACIONAL GUAÇUANA,1,SETOR DE EDUCACAO INFANTIL,12,Educação,365,Educação Infantil,2002,ATENÇÃO À PRIMEIRA INFÂNCIA,1528,CONSTRUÇÃO DA NOVA EDUCAÇÃO INFANTIL,PROJETO,19.01,,10000.0,ppa-acao,False
19,FEG - FUNDACAO EDUCACIONAL GUAÇUANA,1,SETOR DE EDUCACAO INFANTIL,12,Educação,365,Educação Infantil,2002,ATENÇÃO À PRIMEIRA INFÂNCIA,2082,DESENVOLVIMENTO DE RECURSOS HUMANOS,ATIVIDADE,19.01,,1050000.0,ppa-acao,False
19,FEG - FUNDACAO EDUCACIONAL GUAÇUANA,1,SETOR DE EDUCACAO INFANTIL,12,Educação,365,Educação Infantil,2002,ATENÇÃO À PRIMEIRA INFÂNCIA,2319,CONSERVACAO UNIDADE EDUCACIONAL INFANTIL - FEG,ATIVIDADE,19.01,,40000.0,ppa-acao,False
19,FEG - FUNDACAO EDUCACIONAL GUAÇUANA,3,SETOR DE ENSINO MÉDIO,12,Educação,362,Ensino Médio,2003,FORTALECIMENTO DO ENSINO MEDIO,1093,AMPLIACAO E REFORMA DE UNIDADE ENSINO MEDIO - FEG,PROJETO,19.03,,50000.0,ppa-acao,False
19,FEG - FUNDACAO EDUCACIONAL GUAÇUANA,3,SETOR DE ENSINO MÉDIO,12,Educação,362,Ensino Médio,2003,FORTALECIMENTO DO ENSINO MEDIO,2082,DESENVOLVIMENTO DE RECURSOS HUMANOS,ATIVIDADE,19.03,,3022880.0,ppa-acao,False
19,FEG - FUNDACAO EDUCACIONAL GUAÇUANA,3,SETOR DE ENSINO MÉDIO,12,Educação,362,Ensino Médio,2003,FORTALECIMENTO DO ENSINO MEDIO,2321,FUNCIONAMENTO ENSINO MEDIO - FEG,ATIVIDADE,19.03,,1610000.0,ppa-acao,False
19,FEG - FUNDACAO EDUCACIONAL GUAÇUANA,4,SETOR ENSINO PROFISSIONALIZANTE - CEGEP,02,Judiciária,363,Ensino Profissional,2004,FORTALECIMENTO DO ENSINO PROFISSIONALIZANTE,2067,APOIO A ONGS - CEGEP,ATIVIDADE,19.04,,100000.0,ppa-acao,False
19,FEG - FUNDACAO EDUCACIONAL GUAÇUANA,5,SETOR DE ENSINO SUPERIOR,12,Educação,364,Ensino Superior,2005,ENSINO SUPERIOR,1013,AMPLACAO E REFORMA DE UNIDADES DO ENSINO SUPERIOR,PROJETO,19.05,,0.0,ppa-acao,False
19,FEG - FUNDACAO EDUCACIONAL GUAÇUANA,5,SETOR DE ENSINO SUPERIOR,12,Educação,364,Ensino Superior,2005,ENSINO SUPERIOR,1515,MANUTENCAO DA FACULDADE E LABORATORIO,PROJETO,19.05,,0.0,ppa-acao,False
19,FEG - FUNDACAO EDUCACIONAL GUAÇUANA,5,SETOR DE ENSINO SUPERIOR,12,Educação,364,Ensino Superior,2005,ENSINO SUPERIOR,2068,FUNCIONAMENTO DO ENSINO SUPERIOR,ATIVIDADE,19.05,,10300120.0,ppa-acao,False
19,FEG - FUNDACAO EDUCACIONAL GUAÇUANA,5,SETOR DE ENSINO SUPERIOR,12,Educação,364,Ensino Superior,2005,ENSINO SUPERIOR,2082,DESENVOLVIMENTO DE RECURSOS HUMANOS,ATIVIDADE,19.05,,20000000.0,ppa-acao,False
19,FEG - FUNDACAO EDUCACIONAL GUAÇUANA,5,SETOR DE ENSINO SUPERIOR,12,Educação,364,Ensino Superior,2005,ENSINO SUPERIOR,2800,MANUTENCAO CURSOS POS GRADUACAO,ATIVIDADE,19.05,,0.0,ppa-acao,False
19,FEG - FUNDACAO EDUCACIONAL GUAÇUANA,5,SETOR DE ENSINO SUPERIOR,12,Educação,364,Ensino Superior,2005,ENSINO SUPERIOR,2801,MANUTENCAO CURSO DE MEDICINA,ATIVIDADE,19.05,,0.0,ppa-acao,False
19,FEG - FUNDACAO EDUCACIONAL GUAÇUANA,5,SETOR DE ENSINO SUPERIOR,12,Educação,364,Ensino Superior,2005,ENSINO SUPERIOR,2802,MANUTENCAO DE LABORATORIOS,ATIVIDADE,19.05,,0.0,ppa-acao,False
19,FEG - FUNDACAO EDUCACIONAL GUAÇUANA,5,SETOR DE ENSINO SUPERIOR,12,Educação,364,Ensino Superior,2005,ENSINO SUPERIOR,2829,PRECEPTORIA MÉDICA,ATIVIDADE,19.05,,5000000.0,ppa-acao,False
19,FEG - FUNDACAO EDUCACIONAL GUAÇUANA,6,ENCARGOS GERAIS DA AUTARQUIA,28,Encargos Especiais,843,Serviço Da Dívida Interna,9002,SERVICO DA DIVIDA,0016,SERVICOS DA DIVIDA - FEG,OPERACAO_ESPECIAL,19.06,,0.0,ppa-acao,False
19,FEG - FUNDACAO EDUCACIONAL GUAÇUANA,6,ENCARGOS GERAIS DA AUTARQUIA,99,Reserva de Contingência,999,Reserva De Contingência,9999,RESERVA DE CONTINGENCIA,9999,RESERVA DE CONTINGENCIA,OPERACAO_ESPECIAL,19.06,,600000.0,ppa-acao,False
20,HOSPITAL MUNICIPAL DR.TABAJARA RAMOS,2,DEPARTAMENTO CLINICO,10,Saúde,302,Assistência Hospitalar E Ambulatorial,1003,"ASSISTENCIA AMBULATORIAL, EMERGENCIAL E HOSPITALAR",1434,REFORMA E AMPLIACAO DO HOSPITAL MUN.DR.TABAJARÁ RAMOS,PROJETO,20.02,,500000.0,ppa-acao,False
20,HOSPITAL MUNICIPAL DR.TABAJARA RAMOS,1,DEPARTAMENTO DE ADMINSTRAÇÃO E FINANÇAS,10,Saúde,302,Assistência Hospitalar E Ambulatorial,1003,"ASSISTENCIA AMBULATORIAL, EMERGENCIAL E HOSPITALAR",2348,"""PROCEDIMENTO EM PRONTO SOCORROS HOSPITAL MUNICIPAL",ATIVIDADE,20.01,,80752665.14,ppa-acao,False
20,HOSPITAL MUNICIPAL DR.TABAJARA RAMOS,2,DEPARTAMENTO CLINICO,10,Saúde,302,Assistência Hospitalar E Ambulatorial,1003,"ASSISTENCIA AMBULATORIAL, EMERGENCIAL E HOSPITALAR",2349,INTERNACOES E ATENDIMENTO HOSPITALAR - HOSPITAL MU,ATIVIDADE,20.02,,22235002.5,ppa-acao,False
20,HOSPITAL MUNICIPAL DR.TABAJARA RAMOS,3,RECURSOS SUPERV. PELO DAF,10,Saúde,302,Assistência Hospitalar E Ambulatorial,1003,"ASSISTENCIA AMBULATORIAL, EMERGENCIAL E HOSPITALAR",3250,MANUTENCAO DOS SERVICOS ADMINISTRATIVOS,OPERACAO_ESPECIAL,20.03,,14490332.36,ppa-programa,False
20,HOSPITAL MUNICIPAL DR.TABAJARA RAMOS,3,RECURSOS SUPERV. PELO DAF,28,Encargos Especiais,122,Administração Geral,9001,CONTRIBUIÇÕES A UNIÃO,0001,PASEP - GERAL,OPERACAO_ESPECIAL,20.03,,231000.0,ppa-acao,True
20,HOSPITAL MUNICIPAL DR.TABAJARA RAMOS,3,RECURSOS SUPERV. PELO DAF,28,Encargos Especiais,843,Serviço Da Dívida Interna,9002,SERVICO DA DIVIDA,0010,SERVICO DA DIVIDA INTERNA - HMTR,OPERACAO_ESPECIAL,20.03,,1000.0,ppa-acao,False
20,HOSPITAL MUNICIPAL DR.TABAJARA RAMOS,3,RECURSOS SUPERV. PELO DAF,28,Encargos Especiais,846,Outros Encargos Especiais,9003,INDENIZACOES,0015,PRECATORIOS - HMTR,OPERACAO_ESPECIAL,20.03,,500000.0,ppa-acao,False
20,HOSPITAL MUNICIPAL DR.TABAJARA RAMOS,3,RECURSOS SUPERV. PELO DAF,99,Reserva de Contingência,999,Reserva De Contingência,9999,RESERVA DE CONTINGENCIA,9999,RESERVA DE CONTINGENCIA,OPERACAO_ESPECIAL,20.03,,10000.0,ppa-acao,False
21,SECRETARIA MUNICIPAL DE GOVERNO,1,DIVISAO EXPEDIENTE/APOIO ADMINISTRATIVO,04,Administração,122,Administração Geral,7011,APOIO À GOVERNABILIDADE E INTEGRAÇÃO POLÍTICA,2082,DESENVOLVIMENTO DE RECURSOS HUMANOS,ATIVIDADE,21.01,,1320875.0,ppa-acao,False
21,SECRETARIA MUNICIPAL DE GOVERNO,1,DIVISAO EXPEDIENTE/APOIO ADMINISTRATIVO,04,Administração,122,Administração Geral,7011,APOIO À GOVERNABILIDADE E INTEGRAÇÃO POLÍTICA,2838,ATIVIDADES DE GOVERNO,ATIVIDADE,21.01,,5000.0,ppa-acao,False
22,OUVIDORIA GERAL DO MUNICIPIO,1,OUVIDORIA GERAL,04,Administração,122,Administração Geral,7007,OUVIDORIA PÚBLICA,2032,DESENVOLVIMENTO DE RECURSOS HUMANOS,ATIVIDADE,22.01,,290000.0,ppa-programa,False
22,OUVIDORIA GERAL DO MUNICIPIO,1,OUVIDORIA GERAL,04,Administração,122,Administração Geral,7007,OUVIDORIA PÚBLICA,2880,ATIVIDADES DA OUVIDORIA,ATIVIDADE,22.01,,28000.0,ppa-acao,False
23,SECRETARIA MUNICIPAL DE CULTURA,1,GABINETE DO SECRETARIO E DEPENDENCIAS,13,Cultura,392,Difusão Cultural,3002,VALORIZAÇÃO E ACESSO A CULTURA,2082,DESENVOLVIMENTO DE RECURSOS HUMANOS,ATIVIDADE,23.01,51,2535561.0,ppa-acao,False
23,SECRETARIA MUNICIPAL DE CULTURA,1,GABINETE DO SECRETARIO E DEPENDENCIAS,13,Cultura,392,Difusão Cultural,3002,VALORIZAÇÃO E ACESSO A CULTURA,2583,FUNCIONAMENTO E FOMENTO CULTURAL,ATIVIDADE,23.01,5,2560000.0,ppa-acao,False
24,SECRETARIA MUNICIPAL DE RELACOES INSTITUCIONAIS,1,DIVISAO DE RELAÇÕES INSTITUCIONAIS,04,Administração,122,Administração Geral,7006,RELAÇÕES INSTITUCIONAIS,2082,"""DESENVOLVIMENTO DE RECUASOS HUMANOS",ATIVIDADE,24.01,,295443.0,ppa-acao,False
24,SECRETARIA MUNICIPAL DE RELACOES INSTITUCIONAIS,1,DIVISAO DE RELAÇÕES INSTITUCIONAIS,04,Administração,122,Administração Geral,7006,RELAÇÕES INSTITUCIONAIS,2839,ATIVIDADES DE RELAÇÕES INSTITUCIONAIS,ATIVIDADE,24.01,,62000.0,ppa-acao,False
25,SECRETARIA MUNICIPAL DE TECNOLOGIA E INOVAÇÃO,1,DEPARTAMENTO DE TECNOLOGIA E INOVACAO,19,Ciência e Tecnologia,126,Tecnologia Da Informação,7008,"MOGI GUAÇU DIGITAL, MAIS INTELIGENTE E SUSTENTÁVEL",2082,DESENVOLVIMENTO DE RECURSOS HUMANOS,ATIVIDADE,25.01,15,1095885.0,ppa-acao,False
25,SECRETARIA MUNICIPAL DE TECNOLOGIA E INOVAÇÃO,1,DEPARTAMENTO DE TECNOLOGIA E INOVACAO,19,Ciência e Tecnologia,126,Tecnologia Da Informação,7008,"MOGI GUAÇU DIGITAL, MAIS INTELIGENTE E SUSTENTÁVEL",2803,"MANUTENCAO,TECNOLOGIA E INOVACAO",ATIVIDADE,25.01,22,7597940.0,ppa-acao,False
26,SECRETARIA MUNICIPAL DE TURISMO,1,DIVISAO DE RECREACAO E TURISMO,23,Comércio e Serviços,695,Turismo,3010,RUMO AO MOGI GUAÇU TURISTICO,2082,DESENVOLVIMENTO DE RECURSOS HUMANOS,ATIVIDADE,26.01,,232000.0,ppa-acao,False
26,SECRETARIA MUNICIPAL DE TURISMO,1,DIVISAO DE RECREACAO E TURISMO,23,Comércio e Serviços,695,Turismo,3010,RUMO AO MOGI GUAÇU TURISTICO,2878,INCENTIVO E APOIO AO TURISMO,ATIVIDADE,26.01,,84000.0,ppa-acao,False
27,"SECRETARIA DE HABITAÇÃO, INDÚSTRIA E COMÉRCIO",1,"DIVISÃO DE HABITAÇÃO, INDÚSTRIA E COMÉRCIO",23,Comércio e Serviços,662,Produção Industrial,5005,SURPREENDA GUAÇU INDÚSTRIA E COMÉRCIO,1560,CRIAÇÃO DO CENTRO DE EMPREENDEDORISMO,PROJETO,27.01,,250000.0,ppa-acao,False
27,"SECRETARIA DE HABITAÇÃO, INDÚSTRIA E COMÉRCIO",1,"DIVISÃO DE HABITAÇÃO, INDÚSTRIA E COMÉRCIO",23,Comércio e Serviços,662,Produção Industrial,5005,SURPREENDA GUAÇU INDÚSTRIA E COMÉRCIO,1561,EFORMAR SEDE PARA ABRIGAR O PAT/SEBRAE/BANCO D,PROJETO,27.01,,137000.0,ppa-programa,False
27,"SECRETARIA DE HABITAÇÃO, INDÚSTRIA E COMÉRCIO",1,"DIVISÃO DE HABITAÇÃO, INDÚSTRIA E COMÉRCIO",23,Comércio e Serviços,662,Produção Industrial,5005,SURPREENDA GUAÇU INDÚSTRIA E COMÉRCIO,1562,CRIAÇÃO DE NOVO DISTRITO INDUSTRIAL,PROJETO,27.01,,10000.0,ppa-acao,False
27,"SECRETARIA DE HABITAÇÃO, INDÚSTRIA E COMÉRCIO",1,"DIVISÃO DE HABITAÇÃO, INDÚSTRIA E COMÉRCIO",23,Comércio e Serviços,662,Produção Industrial,5005,SURPREENDA GUAÇU INDÚSTRIA E COMÉRCIO,2893,"ESTÃO DE ATENDIMENTO, FISCALIZAÇÃO E APOI",ATIVIDADE,27.01,,70000.0,ppa-acao,False
27,"SECRETARIA DE HABITAÇÃO, INDÚSTRIA E COMÉRCIO",1,"DIVISÃO DE HABITAÇÃO, INDÚSTRIA E COMÉRCIO",23,Comércio e Serviços,662,Produção Industrial,5005,SURPREENDA GUAÇU INDÚSTRIA E COMÉRCIO,2895,GESTÃO DE POLITICAS DE INDUSTRIALIZAÇÃO,ATIVIDADE,27.01,,40000.0,ppa-acao,False
27,"SECRETARIA DE HABITAÇÃO, INDÚSTRIA E COMÉRCIO",1,"DIVISÃO DE HABITAÇÃO, INDÚSTRIA E COMÉRCIO",23,Comércio e Serviços,662,Produção Industrial,5005,SURPREENDA GUAÇU INDÚSTRIA E COMÉRCIO,2896,GESTÃO DO TERMINAL URBANO MUNICIPAL,ATIVIDADE,27.01,,700000.0,ppa-acao,False
27,"SECRETARIA DE HABITAÇÃO, INDÚSTRIA E COMÉRCIO",1,"DIVISÃO DE HABITAÇÃO, INDÚSTRIA E COMÉRCIO",16,Habitação,482,Habitação Urbana,5009,GESTÃO HABITACIONAL SUSTENTÁVEL,2082,DESENVOLVIMENTO DE RECURSOS HUMANOS,ATIVIDADE,27.01,,1001975.0,ppa-acao,False
27,"SECRETARIA DE HABITAÇÃO, INDÚSTRIA E COMÉRCIO",1,"DIVISÃO DE HABITAÇÃO, INDÚSTRIA E COMÉRCIO",16,Habitação,482,Habitação Urbana,5009,GESTÃO HABITACIONAL SUSTENTÁVEL,2554,MELHORIAS HABITACIONAIS,ATIVIDADE,27.01,,78000.0,ppa-programa,False
27,"SECRETARIA DE HABITAÇÃO, INDÚSTRIA E COMÉRCIO",1,"DIVISÃO DE HABITAÇÃO, INDÚSTRIA E COMÉRCIO",16,Habitação,482,Habitação Urbana,5009,GESTÃO HABITACIONAL SUSTENTÁVEL,2892,GESTÃO DE PROGRAMAS HABITACIONAIS,ATIVIDADE,27.01,,577590.0,ppa-acao,False
28,SECRETARIA DE BEM-ESTAR E DEFESA ANIMAL,1,GABINETE DO SECRETARIO ADJUNTO,18,Gestão Ambiental,541,Preservação E Conservação Ambiental,6007,"SAÚDE, QUALIDADE DE VIDA E CONTROLE DE NATALIDADE DOS PETS",2082,DESENVOLVMENTO DE RECURSOS HUMANOS,ATIVIDADE,28.01,,1136397.0,ppa-acao,False
28,SECRETARIA DE BEM-ESTAR E DEFESA ANIMAL,1,GABINETE DO SECRETARIO ADJUNTO,18,Gestão Ambiental,541,Preservação E Conservação Ambiental,6007,"SAÚDE, QUALIDADE DE VIDA E CONTROLE DE NATALIDADE DOS PETS",2858,ATIVIDADES DE BEM-ESTAR E DEFESA ANIMAL,ATIVIDADE,28.01,,366000.0,ppa-acao,False
28,SECRETARIA DE BEM-ESTAR E DEFESA ANIMAL,1,GABINETE DO SECRETARIO ADJUNTO,18,Gestão Ambiental,541,Preservação E Conservação Ambiental,6007,"SAÚDE, QUALIDADE DE VIDA E CONTROLE DE NATALIDADE DOS PETS",2859,CENTRO VETERINÁRIO E FISCALIZAÇÃO,ATIVIDADE,28.01,,1020733.0,ppa-acao,False
